site,design,model,year,lolp_pct,unmet_hours
Southampton,tmy,study,2005,1.4383561643835616,126
Southampton,tmy,study,2006,2.1689497716894977,190
Southampton,tmy,study,2007,0.8904109589041096,78
Southampton,tmy,study,2008,2.3224043715846996,204
Southampton,tmy,study,2009,0.7420091324200913,65
Southampton,tmy,study,2010,1.2100456621004567,106
Southampton,tmy,study,2011,1.5639269406392695,137
Southampton,tmy,study,2012,0.6944444444444444,61
Southampton,tmy,study,2013,1.9634703196347032,172
Southampton,tmy,study,2014,0.31963470319634707,28
Southampton,tmy,study,2015,1.2899543378995433,113
Southampton,tmy,study,2016,1.0018214936247722,88
Southampton,tmy,study,2017,1.9178082191780823,168
Southampton,tmy,study,2018,0.5365296803652968,47
Southampton,tmy,study,2019,0.9360730593607305,82
Southampton,tmy,study,2020,1.0245901639344261,90
Southampton,tmy,pvgis,2005,2.1118721461187215,185
Southampton,tmy,pvgis,2006,3.116438356164384,273
Southampton,tmy,pvgis,2007,1.7009132420091322,149
Southampton,tmy,pvgis,2008,3.6657559198542806,322
Southampton,tmy,pvgis,2009,0.9931506849315069,87
Southampton,tmy,pvgis,2010,1.9863013698630139,174
Southampton,tmy,pvgis,2011,2.5570776255707766,224
Southampton,tmy,pvgis,2012,1.5255009107468125,134
Southampton,tmy,pvgis,2013,3.0821917808219177,270
Southampton,tmy,pvgis,2014,0.6621004566210046,58
Southampton,tmy,pvgis,2015,2.328767123287671,204
Southampton,tmy,pvgis,2016,1.6848816029143898,148
Southampton,tmy,pvgis,2017,2.8310502283105023,248
Southampton,tmy,pvgis,2018,1.3470319634703196,118
Southampton,tmy,pvgis,2019,1.7465753424657535,153
Southampton,tmy,pvgis,2020,1.9353369763205828,170
Southampton,final,study,2005,0.6506849315068494,57
Southampton,final,study,2006,0.502283105022831,44
Southampton,final,study,2007,0.05707762557077625,5
Southampton,final,study,2008,0.1935336976320583,17
Southampton,final,study,2009,0.0,0
Southampton,final,study,2010,0.0,0
Southampton,final,study,2011,0.136986301369863,12
Southampton,final,study,2012,0.1935336976320583,17
Southampton,final,study,2013,0.2054794520547945,18
Southampton,final,study,2014,0.0,0
Southampton,final,study,2015,0.0684931506849315,6
Southampton,final,study,2016,0.0,0
Southampton,final,study,2017,0.3424657534246575,30
Southampton,final,study,2018,0.0,0
Southampton,final,study,2019,0.0,0
Southampton,final,study,2020,0.06830601092896176,6
Southampton,final,pvgis,2005,1.0730593607305936,94
Southampton,final,pvgis,2006,0.9246575342465754,81
Southampton,final,pvgis,2007,0.273972602739726,24
Southampton,final,pvgis,2008,0.6147540983606558,54
Southampton,final,pvgis,2009,0.0,0
Southampton,final,pvgis,2010,0.2511415525114155,22
Southampton,final,pvgis,2011,0.9246575342465754,81
Southampton,final,pvgis,2012,0.3073770491803279,27
Southampton,final,pvgis,2013,0.6735159817351598,59
Southampton,final,pvgis,2014,0.0,0
Southampton,final,pvgis,2015,0.4908675799086758,43
Southampton,final,pvgis,2016,0.022768670309653915,2
Southampton,final,pvgis,2017,0.5707762557077625,50
Southampton,final,pvgis,2018,0.0,0
Southampton,final,pvgis,2019,0.2054794520547945,18
Southampton,final,pvgis,2020,0.22768670309653918,20
Birmingham,tmy,study,2005,1.7465753424657535,153
Birmingham,tmy,study,2006,2.7054794520547945,237
Birmingham,tmy,study,2007,0.7648401826484018,67
Birmingham,tmy,study,2008,1.1953551912568305,105
Birmingham,tmy,study,2009,1.1529680365296804,101
Birmingham,tmy,study,2010,0.502283105022831,44
Birmingham,tmy,study,2011,0.684931506849315,60
Birmingham,tmy,study,2012,0.2163023679417122,19
Birmingham,tmy,study,2013,0.9474885844748858,83
Birmingham,tmy,study,2014,0.10273972602739725,9
Birmingham,tmy,study,2015,0.91324200913242,80
Birmingham,tmy,study,2016,0.2163023679417122,19
Birmingham,tmy,study,2017,0.8333333333333334,73
Birmingham,tmy,study,2018,0.2397260273972603,21
Birmingham,tmy,study,2019,1.7694063926940637,155
Birmingham,tmy,study,2020,0.5806010928961749,51
Birmingham,tmy,pvgis,2005,2.7625570776255706,242
Birmingham,tmy,pvgis,2006,3.8470319634703194,337
Birmingham,tmy,pvgis,2007,1.3470319634703196,118
Birmingham,tmy,pvgis,2008,1.9011839708561022,167
Birmingham,tmy,pvgis,2009,1.4497716894977168,127
Birmingham,tmy,pvgis,2010,1.1073059360730595,97
Birmingham,tmy,pvgis,2011,1.552511415525114,136
Birmingham,tmy,pvgis,2012,1.0132058287795993,89
Birmingham,tmy,pvgis,2013,2.077625570776256,182
Birmingham,tmy,pvgis,2014,0.4337899543378996,38
Birmingham,tmy,pvgis,2015,2.191780821917808,192
Birmingham,tmy,pvgis,2016,0.6602914389799636,58
Birmingham,tmy,pvgis,2017,1.9634703196347032,172
Birmingham,tmy,pvgis,2018,1.038812785388128,91
Birmingham,tmy,pvgis,2019,2.5342465753424657,222
Birmingham,tmy,pvgis,2020,1.2067395264116576,106
Birmingham,final,study,2005,0.12557077625570776,11
Birmingham,final,study,2006,0.821917808219178,72
Birmingham,final,study,2007,0.0,0
Birmingham,final,study,2008,0.36429872495446264,32
Birmingham,final,study,2009,0.05707762557077625,5
Birmingham,final,study,2010,0.0,0
Birmingham,final,study,2011,0.0,0
Birmingham,final,study,2012,0.0,0
Birmingham,final,study,2013,0.136986301369863,12
Birmingham,final,study,2014,0.0,0
Birmingham,final,study,2015,0.0,0
Birmingham,final,study,2016,0.0,0
Birmingham,final,study,2017,0.0,0
Birmingham,final,study,2018,0.0,0
Birmingham,final,study,2019,0.2397260273972603,21
Birmingham,final,study,2020,0.0,0
Birmingham,final,pvgis,2005,0.8105022831050228,71
Birmingham,final,pvgis,2006,1.678082191780822,147
Birmingham,final,pvgis,2007,0.0228310502283105,2
Birmingham,final,pvgis,2008,0.6147540983606558,54
Birmingham,final,pvgis,2009,0.17123287671232876,15
Birmingham,final,pvgis,2010,0.0,0
Birmingham,final,pvgis,2011,0.14840182648401826,13
Birmingham,final,pvgis,2012,0.0,0
Birmingham,final,pvgis,2013,0.547945205479452,48
Birmingham,final,pvgis,2014,0.0,0
Birmingham,final,pvgis,2015,0.03424657534246575,3
Birmingham,final,pvgis,2016,0.0,0
Birmingham,final,pvgis,2017,0.12557077625570776,11
Birmingham,final,pvgis,2018,0.0,0
Birmingham,final,pvgis,2019,0.8904109589041096,78
Birmingham,final,pvgis,2020,0.2163023679417122,19
Liverpool,tmy,study,2005,1.0616438356164384,93
Liverpool,tmy,study,2006,2.8767123287671232,252
Liverpool,tmy,study,2007,0.228310502283105,20
Liverpool,tmy,study,2008,1.2636612021857925,111
Liverpool,tmy,study,2009,0.46803652968036524,41
Liverpool,tmy,study,2010,0.31963470319634707,28
Liverpool,tmy,study,2011,0.14840182648401826,13
Liverpool,tmy,study,2012,0.26183970856102007,23
Liverpool,tmy,study,2013,0.4794520547945206,42
Liverpool,tmy,study,2014,0.14840182648401826,13
Liverpool,tmy,study,2015,0.182648401826484,16
Liverpool,tmy,study,2016,0.34153005464480873,30
Liverpool,tmy,study,2017,0.410958904109589,36
Liverpool,tmy,study,2018,0.0,0
Liverpool,tmy,study,2019,1.187214611872146,104
Liverpool,tmy,study,2020,0.44398907103825136,39
Liverpool,tmy,pvgis,2005,2.04337899543379,179
Liverpool,tmy,pvgis,2006,4.08675799086758,358
Liverpool,tmy,pvgis,2007,0.9703196347031963,85
Liverpool,tmy,pvgis,2008,1.5938069216757742,140
Liverpool,tmy,pvgis,2009,0.7534246575342466,66
Liverpool,tmy,pvgis,2010,0.6392694063926941,56
Liverpool,tmy,pvgis,2011,0.776255707762557,68
Liverpool,tmy,pvgis,2012,0.9335154826958106,82
Liverpool,tmy,pvgis,2013,1.0616438356164384,93
Liverpool,tmy,pvgis,2014,0.593607305936073,52
Liverpool,tmy,pvgis,2015,1.038812785388128,91
Liverpool,tmy,pvgis,2016,0.7741347905282332,68
Liverpool,tmy,pvgis,2017,1.2442922374429224,109
Liverpool,tmy,pvgis,2018,0.0684931506849315,6
Liverpool,tmy,pvgis,2019,1.872146118721461,164
Liverpool,tmy,pvgis,2020,1.2750455373406193,112
Liverpool,final,study,2005,0.2511415525114155,22
Liverpool,final,study,2006,2.6255707762557075,230
Liverpool,final,study,2007,0.5251141552511416,46
Liverpool,final,study,2008,0.6261384335154827,55
Liverpool,final,study,2009,0.0,0
Liverpool,final,study,2010,0.07990867579908677,7
Liverpool,final,study,2011,0.045662100456621,4
Liverpool,final,study,2012,0.0,0
Liverpool,final,study,2013,0.12557077625570776,11
Liverpool,final,study,2014,0.0,0
Liverpool,final,study,2015,0.12557077625570776,11
Liverpool,final,study,2016,0.04553734061930783,4
Liverpool,final,study,2017,0.0,0
Liverpool,final,study,2018,0.0,0
Liverpool,final,study,2019,0.5136986301369862,45
Liverpool,final,study,2020,0.0,0
Liverpool,final,pvgis,2005,0.91324200913242,80
Liverpool,final,pvgis,2006,3.6073059360730597,316
Liverpool,final,pvgis,2007,0.8675799086757991,76
Liverpool,final,pvgis,2008,0.9562841530054645,84
Liverpool,final,pvgis,2009,0.1141552511415525,10
Liverpool,final,pvgis,2010,0.3424657534246575,30
Liverpool,final,pvgis,2011,0.2625570776255708,23
Liverpool,final,pvgis,2012,0.25045537340619306,22
Liverpool,final,pvgis,2013,0.5136986301369862,45
Liverpool,final,pvgis,2014,0.03424657534246575,3
Liverpool,final,pvgis,2015,0.6278538812785388,55
Liverpool,final,pvgis,2016,0.17076502732240437,15
Liverpool,final,pvgis,2017,0.2511415525114155,22
Liverpool,final,pvgis,2018,0.0,0
Liverpool,final,pvgis,2019,0.9018264840182649,79
Liverpool,final,pvgis,2020,0.5692167577413478,50
Edinburgh,tmy,study,2005,2.054794520547945,180
Edinburgh,tmy,study,2006,0.684931506849315,60
Edinburgh,tmy,study,2007,0.136986301369863,12
Edinburgh,tmy,study,2008,0.8993624772313297,79
Edinburgh,tmy,study,2009,2.363013698630137,207
Edinburgh,tmy,study,2010,5.810502283105023,509
Edinburgh,tmy,study,2011,1.0844748858447488,95
Edinburgh,tmy,study,2012,0.7627504553734062,67
Edinburgh,tmy,study,2013,0.45662100456621,40
Edinburgh,tmy,study,2014,0.31963470319634707,28
Edinburgh,tmy,study,2015,0.0,0
Edinburgh,tmy,study,2016,1.6962659380692167,149
Edinburgh,tmy,study,2017,0.091324200913242,8
Edinburgh,tmy,study,2018,0.6050228310502284,53
Edinburgh,tmy,study,2019,1.0616438356164384,93
Edinburgh,tmy,study,2020,1.2636612021857925,111
Edinburgh,tmy,pvgis,2005,3.1735159817351595,278
Edinburgh,tmy,pvgis,2006,1.2328767123287672,108
Edinburgh,tmy,pvgis,2007,0.3310502283105023,29
Edinburgh,tmy,pvgis,2008,1.639344262295082,144
Edinburgh,tmy,pvgis,2009,3.0251141552511416,265
Edinburgh,tmy,pvgis,2010,7.066210045662101,619
Edinburgh,tmy,pvgis,2011,1.6210045662100456,142
Edinburgh,tmy,pvgis,2012,1.0359744990892532,91
Edinburgh,tmy,pvgis,2013,1.2785388127853883,112
Edinburgh,tmy,pvgis,2014,0.8105022831050228,71
Edinburgh,tmy,pvgis,2015,0.228310502283105,20
Edinburgh,tmy,pvgis,2016,2.3679417122040074,208
Edinburgh,tmy,pvgis,2017,0.2397260273972603,21
Edinburgh,tmy,pvgis,2018,1.3013698630136987,114
Edinburgh,tmy,pvgis,2019,1.4840182648401825,130
Edinburgh,tmy,pvgis,2020,1.9694899817850637,173
Edinburgh,final,study,2005,0.4794520547945206,42
Edinburgh,final,study,2006,0.2168949771689498,19
Edinburgh,final,study,2007,0.0,0
Edinburgh,final,study,2008,0.22768670309653918,20
Edinburgh,final,study,2009,0.3767123287671233,33
Edinburgh,final,study,2010,1.8150684931506849,159
Edinburgh,final,study,2011,0.0228310502283105,2
Edinburgh,final,study,2012,0.44398907103825136,39
Edinburgh,final,study,2013,0.0,0
Edinburgh,final,study,2014,0.0,0
Edinburgh,final,study,2015,0.0,0
Edinburgh,final,study,2016,0.6261384335154827,55
Edinburgh,final,study,2017,0.0,0
Edinburgh,final,study,2018,0.0,0
Edinburgh,final,study,2019,0.2968036529680365,26
Edinburgh,final,study,2020,0.4326047358834244,38
Edinburgh,final,pvgis,2005,0.9817351598173516,86
Edinburgh,final,pvgis,2006,0.5251141552511416,46
Edinburgh,final,pvgis,2007,0.03424657534246575,3
Edinburgh,final,pvgis,2008,0.47814207650273227,42
Edinburgh,final,pvgis,2009,0.91324200913242,80
Edinburgh,final,pvgis,2010,3.7899543378995433,332
Edinburgh,final,pvgis,2011,0.19406392694063926,17
Edinburgh,final,pvgis,2012,0.7058287795992715,62
Edinburgh,final,pvgis,2013,0.182648401826484,16
Edinburgh,final,pvgis,2014,0.045662100456621,4
Edinburgh,final,pvgis,2015,0.0,0
Edinburgh,final,pvgis,2016,0.9790528233151183,86
Edinburgh,final,pvgis,2017,0.03424657534246575,3
Edinburgh,final,pvgis,2018,0.0,0
Edinburgh,final,pvgis,2019,0.7077625570776256,62
Edinburgh,final,pvgis,2020,0.6830601092896175,60
