pv_wp,battery_kwh,cost_index,years_ok_study,mean_study,max_study,years_ok_pvgis,mean_pvgis,max_pvgis
100.0,0.75,8578.612765071404,0,35.93131269181825,40.98173515981735,0,37.00365078473938,41.9406392694064
100.0,1.0,8857.94971125876,0,34.99949706190583,40.136986301369866,0,36.051830694662776,41.073059360730596
100.0,1.25,9137.286657446113,0,34.401298983831126,39.53196347031964,0,35.44937713651221,40.52511415525114
100.0,1.5,9416.623603633467,0,33.92507119108217,38.97260273972603,0,35.021610743069594,39.965753424657535
100.0,1.75,9695.960549820822,0,33.60563337450408,38.3675799086758,0,34.71929621416274,39.39497716894977
100.0,2.0,9975.297496008174,0,33.35821122464256,37.853881278538815,0,34.50463911657559,38.91552511415525
100.0,2.25,10254.63444219553,0,33.181352459016395,37.52283105022831,0,34.34344940676697,38.573059360730596
100.0,2.5,10533.971388382883,0,33.038714926890734,37.27168949771689,0,34.22935653554407,38.42465753424658
100.0,2.75,10813.308334570236,0,32.934596994535525,37.1689497716895,0,34.13449422361953,38.28767123287671
100.0,3.0,11092.645280757592,0,32.83971713825885,37.009132420091326,0,34.0496146480525,38.13926940639269
100.0,3.25,11371.982226944943,0,32.73914511440477,36.84931506849315,0,33.962590762781645,38.013698630136986
100.0,3.5,11651.319173132299,0,32.65497121166754,36.70091324200913,0,33.88198421164259,37.87671232876713
100.0,3.75,11930.656119319654,0,32.56651843638496,36.598173515981735,0,33.81350860530978,37.75114155251141
100.0,4.0,12209.993065507006,0,32.49305633530454,36.47260273972603,0,33.75930240536967,37.773972602739725
100.0,5.0,13327.340850256423,0,32.347576618135086,36.47260273972603,0,33.65877911582703,37.78538812785388
100.0,7.0,15562.036419755255,0,32.21287693065848,36.518264840182646,0,33.57687428263094,37.84246575342466
100.0,10.0,18914.079774003505,0,32.203089131546776,36.65525114155251,0,33.58705195623425,37.922374429223744
150.0,0.75,8803.612765071404,0,18.93141055031564,23.41324200913242,0,20.197639076028644,25.079908675799086
150.0,1.0,9082.94971125876,0,17.581828807670234,21.894977168949772,0,18.68835304538763,23.458904109589042
150.0,1.25,9362.286657446113,0,16.814000237043693,21.06164383561644,0,17.802854505077725,22.408675799086758
150.0,1.5,9641.623603633467,0,16.348474499089257,20.67351598173516,0,17.234672864111587,22.04337899543379
150.0,1.75,9920.960549820822,0,16.055479919904183,20.445205479452056,0,16.88178576552636,21.746575342465754
150.0,2.0,10200.297496008174,0,15.815211966963595,20.136986301369863,0,16.618018127604362,21.461187214611872
150.0,2.25,10479.63444219553,0,15.61703096539162,19.97716894977169,0,16.39703726576341,21.3013698630137
150.0,2.5,10758.971388382883,0,15.435209097487338,19.817351598173516,0,16.221661972577788,21.164383561643834
150.0,2.75,11038.308334570236,0,15.254129940489557,19.65753424657534,0,16.0277442485715,21.038812785388128
150.0,3.0,11317.645280757592,0,15.095846745015844,19.554794520547944,0,15.86876902587519,20.89041095890411
150.0,3.25,11596.982226944943,0,14.944698252738478,19.41780821917808,0,15.709778208199218,20.707762557077626
150.0,3.5,11876.319173132299,0,14.80212894864885,19.269406392694062,0,15.567908728822019,20.605022831050228
150.0,3.75,12155.656119319654,0,14.653844084512315,19.086757990867582,0,15.42746619008409,20.47945205479452
150.0,4.0,12434.993065507006,0,14.515534159243456,18.961187214611872,0,15.289167961049978,20.34246575342466
150.0,5.0,13552.340850256423,0,13.983643985328243,18.39041095890411,0,14.758722272126157,19.828767123287673
150.0,7.0,15787.036419755255,0,12.96124491603663,17.340182648401825,0,13.744867302318037,18.77853881278539
150.0,10.0,19139.079774003505,0,11.448294065174538,15.856164383561644,0,12.246885682561071,17.271689497716896
200.0,0.75,9028.612765071404,0,11.841285603338573,14.942922374429223,0,13.195947410609577,16.974885844748858
200.0,1.0,9307.94971125876,0,10.125945055767648,13.150684931506849,0,11.25887159405644,14.531963470319633
200.0,1.25,9587.286657446113,0,9.147765551313721,12.442922374429223,0,10.144569360231554,13.573059360730594
200.0,1.5,9866.623603633467,0,8.526757866107744,12.089041095890412,0,9.449444584799263,13.116438356164384
200.0,1.75,10145.960549820822,0,8.086866375976246,11.78082191780822,0,8.943249089253188,12.842465753424658
200.0,2.0,10425.297496008174,0,7.762496647079372,11.518264840182649,0,8.598198467949198,12.54566210045662
200.0,2.25,10704.63444219553,0,7.522248187863363,11.187214611872145,0,8.3158942473239,12.30593607305936
200.0,2.5,10983.971388382883,0,7.328381147540983,11.050228310502282,0,8.101297580282957,12.089041095890412
200.0,2.75,11263.308334570236,0,7.183665584375078,10.947488584474886,0,7.925220513012452,11.974885844748858
200.0,3.0,11542.645280757592,0,7.031094050203358,10.821917808219178,0,7.783341286772962,11.849315068493151
200.0,3.25,11821.982226944943,0,6.888493556154403,10.662100456621005,0,7.645015766524441,11.735159817351597
200.0,3.5,12101.319173132299,0,6.754443009706316,10.536529680365298,0,7.509548026299374,11.598173515981735
200.0,3.75,12380.656119319654,0,6.611840566284902,10.388127853881278,0,7.378347462384909,11.461187214611872
200.0,4.0,12659.993065507006,0,6.48707098210944,10.23972602739726,0,7.250727895675824,11.34703196347032
200.0,5.0,13777.340850256423,0,5.968744541757118,9.714611872146119,0,6.739518614167727,10.776255707762557
200.0,7.0,16012.036419755255,0,4.9591762419841805,8.641552511415524,0,5.741352193901738,9.737442922374429
200.0,10.0,19364.079774003505,0,3.4390926372982014,7.077625570776255,0,4.25836319771939,8.242009132420092
250.0,0.75,9253.612765071404,0,8.314079381565486,10.60502283105023,0,9.712943209322054,12.442922374429223
250.0,1.0,9532.94971125876,0,6.4182230456371485,8.82420091324201,0,7.529800056765726,10.285388127853881
250.0,1.25,9812.286657446113,0,5.376456960975123,8.287671232876713,0,6.3440279805125135,9.531963470319635
250.0,1.5,10091.623603633467,0,4.68263046759987,7.876712328767123,0,5.559639490855104,9.155251141552512
250.0,1.75,10370.960549820822,0,4.204194035855977,7.454337899543378,0,5.026295085086209,8.767123287671232
250.0,2.0,10650.297496008174,0,3.8277682648401825,7.248858447488585,0,4.569258864186441,8.447488584474886
250.0,2.25,10929.63444219553,0,3.5347756350275716,7.066210045662101,0,4.234192928612421,8.184931506849315
250.0,2.5,11208.971388382883,0,3.2960028507622825,6.940639269406393,0,3.959042904908052,8.059360730593609
250.0,2.75,11488.308334570236,0,3.1056778201961226,6.803652968036529,0,3.733073598947027,7.910958904109588
250.0,3.0,11767.645280757592,0,2.928908725703022,6.666666666666667,0,3.5341986207799985,7.796803652968036
250.0,3.25,12046.982226944943,1,2.766385645133119,6.518264840182648,0,3.370969867380293,7.659817351598173
250.0,3.5,12326.319173132299,1,2.6181358697008257,6.392694063926941,0,3.216285213464082,7.511415525114155
250.0,3.75,12605.656119319654,1,2.472005062130399,6.2214611872146115,1,3.0723006649699327,7.385844748858447
250.0,4.0,12884.993065507006,1,2.3237435904633577,6.095890410958904,1,2.9311622002644913,7.226027397260274
250.0,5.0,14002.340850256423,5,1.7933349396162388,5.536529680365296,1,2.4008315243156924,6.712328767123288
250.0,7.0,16237.036419755255,11,0.9876593027172693,4.474885844748858,8,1.4653647197894053,5.5936073059360725
250.0,10.0,19589.079774003505,12,0.43853277752825814,2.9337899543378994,12,0.7024583146193577,4.041095890410959
300.0,0.75,9478.612765071404,0,6.268491747136761,8.207762557077626,0,7.616747916510717,9.82876712328767
300.0,1.0,9757.94971125876,0,4.426870851735409,6.404109589041096,0,5.519889837063653,7.819634703196347
300.0,1.25,10037.286657446113,0,3.371558577862615,5.456621004566211,0,4.279219533647728,6.780821917808219
300.0,1.5,10316.623603633467,0,2.7020076197070644,4.840182648401827,0,3.5076579147640787,6.15296803652968
300.0,1.75,10595.960549820822,1,2.262116129575567,4.6118721461187215,0,2.9693211661301993,5.844748858447488
300.0,2.0,10875.297496008174,3,1.9242216545649624,4.474885844748858,2,2.5750937258277813,5.719178082191781
300.0,2.25,11154.63444219553,4,1.671898782343988,4.360730593607306,2,2.2578470038925067,5.5936073059360725
300.0,2.5,11433.971388382883,7,1.4851489008658334,4.212328767123288,2,2.0240568156299124,5.445205479452055
300.0,2.75,11713.308334570236,7,1.319058468697757,4.052511415525114,3,1.8223708423784215,5.308219178082192
300.0,3.0,11992.645280757592,10,1.1486813664944981,3.9383561643835616,5,1.6534284783042643,5.194063926940639
300.0,3.25,12271.982226944943,11,0.9968525432292836,3.7785388127853885,7,1.4923245408837986,5.0228310502283104
300.0,3.5,12551.319173132299,12,0.8764008190483319,3.664383561643836,7,1.3397725004366594,4.897260273972603
300.0,3.75,12830.656119319654,13,0.7637699771689498,3.550228310502283,8,1.1936494903560646,4.760273972602739
300.0,4.0,13109.993065507006,13,0.6618197469870499,3.4246575342465753,11,1.0689091467674725,4.634703196347032
300.0,5.0,14227.340850256423,13,0.40581451019287873,2.8881278538812785,13,0.7053726264440952,4.121004566210046
300.0,7.0,16462.036419755255,15,0.17256624747361327,1.872146118721461,15,0.328785057514285,3.0136986301369864
300.0,10.0,19814.079774003505,16,0.059122517279237466,0.5578324225865209,15,0.14114236345035805,1.5296803652968036
350.0,0.75,9703.612765071404,0,4.856746466177608,6.693989071038252,0,6.20001809017641,8.139799635701275
350.0,1.0,9982.94971125876,0,3.1940526205803828,5.157103825136613,0,4.259306693989071,6.324200913242009
350.0,1.25,10262.286657446113,1,2.2493613855827532,3.847905282331512,0,3.089977574419243,4.906648451730419
350.0,1.5,10541.623603633467,4,1.6776026461561493,3.105022831050228,3,2.322074927639294,4.257990867579909
350.0,1.75,10820.960549820822,7,1.2584388333707612,2.7054794520547945,4,1.8265580944182451,3.8356164383561646
350.0,2.0,11100.297496008174,9,0.9661382307807471,2.2488584474885847,4,1.456580847493575,3.4246575342465753
350.0,2.25,11379.63444219553,10,0.7758073520972131,2.04337899543379,8,1.1935559204780797,3.264840182648402
350.0,2.5,11658.971388382883,12,0.6182746650198367,1.8949771689497716,10,0.9989559161114855,3.116438356164384
350.0,2.75,11938.308334570236,13,0.4963628608678294,1.7694063926940637,10,0.8321520136237743,3.002283105022831
350.0,3.0,12217.645280757592,14,0.4008085217206877,1.632420091324201,13,0.6988441780821918,2.8310502283105023
350.0,3.25,12496.982226944943,14,0.32948488222671357,1.5182648401826484,13,0.5847922436809143,2.7168949771689497
350.0,3.5,12776.319173132299,15,0.2631711299498466,1.3812785388127853,13,0.5035053615540085,2.5799086757990866
350.0,3.75,13055.656119319654,15,0.20898637310676946,1.2557077625570776,13,0.44217420527983625,2.4543378995433787
350.0,4.0,13334.993065507006,15,0.16547248109888463,1.13013698630137,14,0.37657977143997806,2.3401826484018264
350.0,5.0,14452.340850256423,16,0.0627327550714874,0.6392694063926941,15,0.19399959764952465,1.7922374429223744
350.0,7.0,16687.036419755255,16,0.0,0.0,16,0.07199617299199042,0.776255707762557
350.0,10.0,20039.079774003505,16,0.0,0.0,16,0.0,0.0
400.0,0.75,9928.612765071404,0,3.765107636549642,5.601092896174864,0,5.141241781445718,6.876138433515483
400.0,1.0,10207.94971125876,1,2.302115303041645,4.109744990892532,0,3.3231088747910276,5.2823315118397085
400.0,1.25,10487.286657446113,3,1.5214774059934624,2.8802367941712204,2,2.3028482670858597,4.052823315118397
400.0,1.5,10766.623603633467,8,1.0709325953788955,1.9694899817850637,4,1.6597990274970682,2.9337899543378994
400.0,1.75,11045.960549820822,10,0.7380168176260697,1.4269406392694064,8,1.2377793840606832,2.4771689497716896
400.0,2.0,11325.297496008174,12,0.5284261390573147,1.1757990867579908,9,0.9162849795393867,2.077625570776256
400.0,2.25,11604.63444219553,16,0.37941220962147865,0.9817351598173516,11,0.6953002189535145,1.643835616438356
400.0,2.5,11883.971388382883,16,0.25603252800858345,0.8561643835616438,12,0.5220555898645108,1.3127853881278537
400.0,2.75,12163.308334570236,16,0.17116659804875614,0.7648401826484018,13,0.4115320196122464,1.187214611872146
400.0,3.0,12442.645280757592,16,0.0977181425755421,0.6278538812785388,15,0.3188101186466053,1.038812785388128
400.0,3.25,12721.982226944943,16,0.05565068493150685,0.502283105022831,16,0.23893263280684685,0.9589041095890412
400.0,3.5,13001.319173132299,16,0.037100456621004564,0.365296803652968,16,0.1754630149462285,0.7990867579908676
400.0,3.75,13280.656119319654,16,0.01997716894977169,0.2168949771689498,16,0.12696652693564886,0.684931506849315
400.0,4.0,13559.993065507006,16,0.004994292237442923,0.07990867579908677,16,0.09129690969882975,0.5593607305936072
400.0,5.0,14677.340850256423,16,0.0,0.0,16,0.006405637897048182,0.09107468123861566
400.0,7.0,16912.036419755255,16,0.0,0.0,16,0.0,0.0
400.0,10.0,20264.079774003505,16,0.0,0.0,16,0.0,0.0
450.0,0.75,10153.612765071404,0,2.9130895682062032,4.565118397085611,0,4.284909751852684,5.98816029143898
450.0,1.0,10432.94971125876,3,1.688283257853632,3.1420765027322406,1,2.612973931431993,4.485428051001821
450.0,1.25,10712.286657446111,9,1.062359255308531,2.0947176684881605,3,1.7360409337026224,3.3014571948998177
450.0,1.5,10991.623603633467,10,0.6852297608353919,1.4383561643835616,8,1.2120788575741697,2.2654826958105647
450.0,1.75,11270.960549820822,15,0.4499638976220775,1.004566210045662,9,0.8470881053971105,1.5753424657534247
450.0,2.0,11550.297496008174,16,0.29165730967886816,0.821917808219178,12,0.5933071025775383,1.2899543378995433
450.0,2.25,11829.63444219553,16,0.17757223594580432,0.6963470319634704,14,0.4293317395264116,1.1187214611872145
450.0,2.5,12108.971388382883,16,0.10413352733488035,0.5593607305936072,16,0.29954252127155223,0.9703196347031963
450.0,2.75,12388.308334570236,16,0.05136986301369863,0.4337899543378996,16,0.19613805923597077,0.8333333333333334
450.0,3.0,12667.645280757592,16,0.026398401826484015,0.2968036529680365,16,0.11270686740524491,0.684931506849315
450.0,3.25,12946.982226944943,16,0.009988584474885846,0.15981735159817353,16,0.0741989638695511,0.5593607305936072
450.0,3.5,13226.319173132299,16,0.0028538812785388126,0.045662100456621,16,0.04922945205479452,0.3995433789954338
450.0,3.75,13505.656119319654,16,0.0,0.0,16,0.03139269406392694,0.28538812785388123
450.0,4.0,13784.993065507006,16,0.0,0.0,16,0.014982876712328768,0.15981735159817353
450.0,5.0,14902.340850256423,16,0.0,0.0,16,0.0,0.0
450.0,7.0,17137.036419755255,16,0.0,0.0,16,0.0,0.0
450.0,10.0,20489.079774003505,16,0.0,0.0,16,0.0,0.0
500.0,0.75,10378.612765071404,0,2.26431697108067,3.6657559198542806,0,3.580451381091399,5.179872495446266
500.0,1.0,10657.94971125876,6,1.251276838960002,2.3224043715846996,2,2.0796841080919233,3.6657559198542806
500.0,1.25,10937.286657446111,10,0.7358413179629214,1.5296803652968036,6,1.3254212204007285,2.4931693989071038
500.0,1.5,11216.623603633467,15,0.438528878783342,1.0844748858447488,9,0.8819916192579286,1.7304189435336976
500.0,1.75,11495.960549820822,16,0.26596847942710283,0.7990867579908676,12,0.5961414901314969,1.2785388127853883
500.0,2.0,11775.297496008174,16,0.15117773286423636,0.6506849315068494,15,0.41004464842677846,1.0730593607305936
500.0,2.25,12054.63444219553,16,0.07347184794271028,0.5136986301369862,16,0.2681361816004192,0.9246575342465754
500.0,2.5,12333.971388382883,16,0.037813926940639266,0.3881278538812785,16,0.16475706140679192,0.7990867579908676
500.0,2.75,12613.308334570236,16,0.014982876712328768,0.2397260273972603,16,0.09558942785138608,0.6621004566210046
500.0,3.0,12892.645280757592,16,0.007848173515981735,0.12557077625570776,16,0.04994292237442922,0.5136986301369862
500.0,3.25,13171.982226944943,16,0.0,0.0,16,0.025684931506849314,0.3881278538812785
500.0,3.5,13451.319173132299,16,0.0,0.0,16,0.01569634703196347,0.2511415525114155
500.0,3.75,13730.656119319654,16,0.0,0.0,16,0.007848173515981735,0.12557077625570776
500.0,4.0,14009.993065507007,16,0.0,0.0,16,0.0,0.0
500.0,5.0,15127.340850256423,16,0.0,0.0,16,0.0,0.0
500.0,7.0,17362.036419755255,16,0.0,0.0,16,0.0,0.0
500.0,10.0,20714.079774003505,16,0.0,0.0,16,0.0,0.0
550.0,0.75,10603.612765071404,1,1.7567101298749908,3.0054644808743167,0,2.993664929385932,4.496812386156648
550.0,1.0,10882.94971125876,10,0.9004950626294383,1.7351598173515983,3,1.6747292711530304,3.0168488160291442
550.0,1.25,11162.286657446111,14,0.4948384516056591,1.2328767123287672,9,1.0181630829403399,1.9748858447488586
550.0,1.5,11441.623603633467,16,0.2787778058487411,0.8105022831050228,10,0.642468326596302,1.461187214611872
550.0,1.75,11720.960549820822,16,0.14831215535094944,0.6164383561643836,14,0.41715985789854526,1.0844748858447488
550.0,2.0,12000.297496008174,16,0.07419116637971904,0.4794520547945206,16,0.2581339515183272,0.9360730593607305
550.0,2.25,12279.63444219553,16,0.039240867579908675,0.3538812785388128,16,0.15262221785562793,0.7876712328767124
550.0,2.5,12558.971388382883,16,0.014982876712328766,0.2054794520547945,16,0.07775851797789256,0.6506849315068494
550.0,2.75,12838.308334570236,16,0.005707762557077625,0.091324200913242,16,0.044948630136986294,0.502283105022831
550.0,3.0,13117.645280757592,16,0.0,0.0,16,0.024257990867579907,0.3881278538812785
550.0,3.25,13396.982226944943,16,0.0,0.0,16,0.014982876712328768,0.2397260273972603
550.0,3.5,13676.319173132299,16,0.0,0.0,16,0.007848173515981735,0.12557077625570776
550.0,3.75,13955.656119319654,16,0.0,0.0,16,0.0,0.0
550.0,4.0,14234.993065507007,16,0.0,0.0,16,0.0,0.0
550.0,5.0,15352.340850256423,16,0.0,0.0,16,0.0,0.0
550.0,7.0,17587.036419755255,16,0.0,0.0,16,0.0,0.0
550.0,10.0,20939.079774003505,16,0.0,0.0,16,0.0,0.0
600.0,0.75,10828.612765071404,3,1.3595898208448736,2.4704007285974496,0,2.4839235253387226,3.825136612021858
600.0,1.0,11107.94971125876,13,0.6701981498116127,1.4155251141552512,5,1.3510632657135013,2.4704007285974496
600.0,1.25,11387.286657446111,16,0.3386664265039798,0.8904109589041096,10,0.7871663454100857,1.7237442922374429
600.0,1.5,11666.623603633467,16,0.17967171008309007,0.6164383561643836,14,0.4734596838585723,1.2100456621004567
600.0,1.75,11945.960549820822,16,0.08629676934401277,0.4794520547945206,16,0.2866454730893031,0.91324200913242
600.0,2.0,12225.297496008174,16,0.0442351598173516,0.3310502283105023,16,0.16187393954138285,0.7648401826484018
600.0,2.25,12504.63444219553,16,0.021404109589041098,0.2168949771689498,16,0.08703558150560173,0.6506849315068494
600.0,2.5,12783.971388382883,16,0.004280821917808219,0.0684931506849315,16,0.04922945205479452,0.4794520547945206
600.0,2.75,13063.308334570236,16,0.0,0.0,16,0.024971461187214612,0.3538812785388128
600.0,3.0,13342.645280757592,16,0.0,0.0,16,0.014269406392694063,0.228310502283105
600.0,3.25,13621.982226944943,16,0.0,0.0,16,0.006421232876712328,0.10273972602739725
600.0,3.5,13901.319173132299,16,0.0,0.0,16,0.0,0.0
600.0,3.75,14180.656119319654,16,0.0,0.0,16,0.0,0.0
600.0,4.0,14459.993065507007,16,0.0,0.0,16,0.0,0.0
600.0,5.0,15577.340850256423,16,0.0,0.0,16,0.0,0.0
600.0,7.0,17812.036419755255,16,0.0,0.0,16,0.0,0.0
600.0,10.0,21164.079774003505,16,0.0,0.0,16,0.0,0.0
650.0,0.75,11053.612765071404,7,1.0551621721935276,1.9467213114754098,0,2.081828417795743,3.2900728597449906
650.0,1.0,11332.94971125876,14,0.4805417539985528,1.1073059360730595,9,1.0844358983955886,1.9808743169398908
650.0,1.25,11612.286657446111,16,0.2388351641839459,0.6602914389799636,12,0.6046524502832048,1.4840182648401825
650.0,1.5,11891.623603633467,16,0.11407922561568978,0.46803652968036524,16,0.34439173341317963,0.9931506849315069
650.0,1.75,12170.960549820822,16,0.054215946802405365,0.3310502283105023,16,0.19680474461661301,0.7990867579908676
650.0,2.0,12450.297496008174,16,0.027111872146118723,0.2054794520547945,16,0.10342200638770367,0.6392694063926941
650.0,2.25,12729.63444219553,16,0.006421232876712328,0.05707762557077625,16,0.059218036529680364,0.502283105022831
650.0,2.5,13008.971388382883,16,0.0,0.0,16,0.03424657534246575,0.365296803652968
650.0,2.75,13288.308334570236,16,0.0,0.0,16,0.014982876712328766,0.228310502283105
650.0,3.0,13567.645280757592,16,0.0,0.0,16,0.006421232876712328,0.10273972602739725
650.0,3.25,13846.982226944945,16,0.0,0.0,16,0.0,0.0
650.0,3.5,14126.319173132299,16,0.0,0.0,16,0.0,0.0
650.0,3.75,14405.656119319654,16,0.0,0.0,16,0.0,0.0
650.0,4.0,14684.993065507007,16,0.0,0.0,16,0.0,0.0
650.0,5.0,15802.340850256423,16,0.0,0.0,16,0.0,0.0
650.0,7.0,18037.036419755255,16,0.0,0.0,16,0.0,0.0
650.0,10.0,21389.079774003505,16,0.0,0.0,16,0.0,0.0
700.0,0.75,11278.612765071404,11,0.8305788700501535,1.639344262295082,1,1.7688469227986126,2.8688524590163933
700.0,1.0,11557.94971125876,16,0.3557604735883424,0.8993624772313297,11,0.889806653442124,1.7351598173515983
700.0,1.25,11837.286657446111,16,0.1668194974673753,0.5350637522768671,14,0.4698845347705667,1.1986301369863013
700.0,1.5,12116.623603633467,16,0.0748675986226514,0.365296803652968,16,0.2616740119020885,0.8105022831050228
700.0,1.75,12395.960549820822,16,0.03353310502283105,0.2397260273972603,16,0.13977195461237119,0.6963470319634704
700.0,2.0,12675.297496008174,16,0.009275114155251141,0.1141552511415525,16,0.0770391995408838,0.5136986301369862
700.0,2.25,12954.63444219553,16,0.0,0.0,16,0.0435216894977169,0.3767123287671233
700.0,2.5,13233.971388382883,16,0.0,0.0,16,0.0221175799086758,0.2625570776255708
700.0,2.75,13513.308334570236,16,0.0,0.0,16,0.007848173515981735,0.12557077625570776
700.0,3.0,13792.645280757592,16,0.0,0.0,16,0.0,0.0
700.0,3.25,14071.982226944945,16,0.0,0.0,16,0.0,0.0
700.0,3.5,14351.319173132299,16,0.0,0.0,16,0.0,0.0
700.0,3.75,14630.656119319654,16,0.0,0.0,16,0.0,0.0
700.0,4.0,14909.993065507007,16,0.0,0.0,16,0.0,0.0
700.0,5.0,16027.340850256423,16,0.0,0.0,16,0.0,0.0
700.0,7.0,18262.036419755255,16,0.0,0.0,16,0.0,0.0
700.0,10.0,21614.079774003505,16,0.0,0.0,16,0.0,0.0
750.0,0.75,11503.612765071404,13,0.6658607960925219,1.5027322404371584,1,1.4829480593607305,2.424863387978142
750.0,1.0,11782.94971125876,16,0.2673427870100057,0.7627504553734062,12,0.7158524527784016,1.495433789954338
750.0,1.25,12062.286657446111,16,0.12047901539536392,0.4452054794520548,16,0.360074434837937,0.9018264840182649
750.0,1.5,12341.623603633467,16,0.050625202734735635,0.2968036529680365,16,0.1910872351972453,0.684931506849315
750.0,1.75,12620.960549820822,16,0.01355593607305936,0.17123287671232876,16,0.10197557202385409,0.5365296803652968
750.0,2.0,12900.297496008174,16,0.003567351598173516,0.05707762557077625,16,0.0577852477730369,0.3995433789954338
750.0,2.25,13179.63444219553,16,0.0,0.0,16,0.030679223744292237,0.273972602739726
750.0,2.5,13458.971388382883,16,0.0,0.0,16,0.012128995433789954,0.136986301369863
750.0,2.75,13738.308334570236,16,0.0,0.0,16,0.0007134703196347032,0.01141552511415525
750.0,3.0,14017.645280757592,16,0.0,0.0,16,0.0,0.0
750.0,3.25,14296.982226944945,16,0.0,0.0,16,0.0,0.0
750.0,3.5,14576.319173132299,16,0.0,0.0,16,0.0,0.0
750.0,3.75,14855.656119319654,16,0.0,0.0,16,0.0,0.0
750.0,4.0,15134.993065507007,16,0.0,0.0,16,0.0,0.0
750.0,5.0,16252.340850256423,16,0.0,0.0,16,0.0,0.0
750.0,7.0,18487.036419755255,16,0.0,0.0,16,0.0,0.0
750.0,10.0,21839.079774003505,16,0.0,0.0,16,0.0,0.0
800.0,0.75,11728.612765071404,15,0.5296737374304463,1.3888888888888888,6,1.2590645819297852,2.1288706739526413
800.0,1.0,12007.94971125876,16,0.20173665693539936,0.6716757741347905,13,0.5739634796766224,1.2671232876712328
800.0,1.25,12287.286657446111,16,0.09267121728173267,0.3767123287671233,16,0.28448751777827685,0.7077625570776256
800.0,1.5,12566.623603633467,16,0.03066167939217007,0.2511415525114155,16,0.14331201499613244,0.5707762557077625
800.0,1.75,12845.960549820822,16,0.007848173515981735,0.12557077625570776,16,0.0777312267634803,0.410958904109589
800.0,2.0,13125.297496008174,16,0.0,0.0,16,0.04138127853881278,0.28538812785388123
800.0,2.25,13404.63444219553,16,0.0,0.0,16,0.018550228310502286,0.15981735159817353
800.0,2.5,13683.971388382883,16,0.0,0.0,16,0.0028538812785388126,0.03424657534246575
800.0,2.75,13963.308334570238,16,0.0,0.0,16,0.0,0.0
800.0,3.0,14242.645280757592,16,0.0,0.0,16,0.0,0.0
800.0,3.25,14521.982226944945,16,0.0,0.0,16,0.0,0.0
800.0,3.5,14801.3191731323,16,0.0,0.0,16,0.0,0.0
800.0,3.75,15080.656119319654,16,0.0,0.0,16,0.0,0.0
800.0,4.0,15359.993065507007,16,0.0,0.0,16,0.0,0.0
800.0,5.0,16477.340850256423,16,0.0,0.0,16,0.0,0.0
800.0,7.0,18712.036419755255,16,0.0,0.0,16,0.0,0.0
800.0,10.0,22064.079774003505,16,0.0,0.0,16,0.0,0.0
850.0,0.75,11953.612765071404,15,0.4241366619257928,1.2750455373406193,7,1.079388973101779,1.923952641165756
850.0,1.0,12232.94971125876,16,0.16465569403897495,0.6261384335154827,15,0.4655861685006363,1.004566210045662
850.0,1.25,12512.286657446111,16,0.07056923235272101,0.3082191780821918,16,0.22316610836639472,0.6164383561643836
850.0,1.5,12791.623603633467,16,0.023530874940739077,0.19406392694063926,16,0.11692530940439655,0.4908675799086758
850.0,1.75,13070.960549820822,16,0.004280821917808219,0.0684931506849315,16,0.06133115627417222,0.3424657534246575
850.0,2.0,13350.297496008174,16,0.0,0.0,16,0.027825342465753425,0.2168949771689498
850.0,2.25,13629.63444219553,16,0.0,0.0,16,0.008561643835616438,0.091324200913242
850.0,2.5,13908.971388382883,16,0.0,0.0,16,0.0,0.0
850.0,2.75,14188.308334570238,16,0.0,0.0,16,0.0,0.0
850.0,3.0,14467.645280757592,16,0.0,0.0,16,0.0,0.0
850.0,3.25,14746.982226944945,16,0.0,0.0,16,0.0,0.0
850.0,3.5,15026.3191731323,16,0.0,0.0,16,0.0,0.0
850.0,3.75,15305.656119319654,16,0.0,0.0,16,0.0,0.0
850.0,4.0,15584.993065507007,16,0.0,0.0,16,0.0,0.0
850.0,5.0,16702.340850256423,16,0.0,0.0,16,0.0,0.0
850.0,7.0,18937.036419755255,16,0.0,0.0,16,0.0,0.0
850.0,10.0,22289.079774003505,16,0.0,0.0,16,0.0,0.0
900.0,0.75,12178.612765071404,15,0.33785548756144423,1.1953551912568305,10,0.937503898744916,1.7873406193078325
900.0,1.0,12457.94971125876,16,0.13827093781969707,0.5919854280510018,16,0.39426837712403623,0.8993624772313297
900.0,1.25,12737.286657446111,16,0.059169302218229906,0.273224043715847,16,0.18037348416797663,0.5707762557077625
900.0,1.5,13016.623603633467,16,0.017823112383661452,0.136986301369863,16,0.09481942573046884,0.4452054794520548
900.0,1.75,13295.960549820822,16,0.0007134703196347032,0.01141552511415525,16,0.047071496743768246,0.3082191780821918
900.0,2.0,13575.297496008174,16,0.0,0.0,16,0.014982876712328766,0.17123287671232876
900.0,2.25,13854.63444219553,16,0.0,0.0,16,0.003567351598173516,0.05707762557077625
900.0,2.5,14133.971388382883,16,0.0,0.0,16,0.0,0.0
900.0,2.75,14413.308334570238,16,0.0,0.0,16,0.0,0.0
900.0,3.0,14692.645280757592,16,0.0,0.0,16,0.0,0.0
900.0,3.25,14971.982226944945,16,0.0,0.0,16,0.0,0.0
900.0,3.5,15251.3191731323,16,0.0,0.0,16,0.0,0.0
900.0,3.75,15530.656119319654,16,0.0,0.0,16,0.0,0.0
900.0,4.0,15809.993065507007,16,0.0,0.0,16,0.0,0.0
900.0,5.0,16927.340850256423,16,0.0,0.0,16,0.0,0.0
900.0,7.0,19162.036419755255,16,0.0,0.0,16,0.0,0.0
900.0,10.0,22514.079774003505,16,0.0,0.0,16,0.0,0.0
950.0,0.75,12403.612765071404,15,0.2779551706714574,1.1384335154826957,11,0.8162899699328792,1.6962659380692167
950.0,1.0,12682.94971125876,16,0.12187866482022107,0.546448087431694,16,0.33150638146567857,0.8652094717668488
950.0,1.25,12962.286657446111,16,0.050615455872445536,0.23907103825136614,16,0.1511289985527859,0.5251141552511416
950.0,1.5,13241.623603633467,16,0.01282882014621853,0.07990867579908677,16,0.07770588492152607,0.3881278538812785
950.0,1.75,13520.960549820822,16,0.0,0.0,16,0.0299618546797415,0.2625570776255708
950.0,2.0,13800.297496008174,16,0.0,0.0,16,0.008561643835616438,0.136986301369863
950.0,2.25,14079.63444219553,16,0.0,0.0,16,0.0007134703196347032,0.01141552511415525
950.0,2.5,14358.971388382883,16,0.0,0.0,16,0.0,0.0
950.0,2.75,14638.308334570238,16,0.0,0.0,16,0.0,0.0
950.0,3.0,14917.645280757592,16,0.0,0.0,16,0.0,0.0
950.0,3.25,15196.982226944945,16,0.0,0.0,16,0.0,0.0
950.0,3.5,15476.3191731323,16,0.0,0.0,16,0.0,0.0
950.0,3.75,15755.656119319654,16,0.0,0.0,16,0.0,0.0
950.0,4.0,16034.993065507007,16,0.0,0.0,16,0.0,0.0
950.0,5.0,17152.340850256423,16,0.0,0.0,16,0.0,0.0
950.0,7.0,19387.036419755255,16,0.0,0.0,16,0.0,0.0
950.0,10.0,22739.079774003505,16,0.0,0.0,16,0.0,0.0
1000.0,0.75,12628.612765071404,15,0.23874549305087706,1.092896174863388,13,0.7186069160615814,1.6165755919854279
1000.0,1.0,12907.94971125876,16,0.10619986214037977,0.5236794171220401,16,0.2815849021882876,0.819672131147541
1000.0,1.25,13187.286657446111,16,0.043486600793472566,0.228310502283105,16,0.13045200489058562,0.4794520547945206
1000.0,1.5,13466.623603633467,16,0.007834527908775608,0.07969034608378871,16,0.0627347044439454,0.3424657534246575
1000.0,1.75,13745.960549820822,16,0.0,0.0,16,0.01997716894977169,0.228310502283105
1000.0,2.0,14025.297496008176,16,0.0,0.0,16,0.006421232876712328,0.10273972602739725
1000.0,2.25,14304.63444219553,16,0.0,0.0,16,0.0,0.0
1000.0,2.5,14583.971388382883,16,0.0,0.0,16,0.0,0.0
1000.0,2.75,14863.308334570238,16,0.0,0.0,16,0.0,0.0
1000.0,3.0,15142.645280757592,16,0.0,0.0,16,0.0,0.0
1000.0,3.25,15421.982226944945,16,0.0,0.0,16,0.0,0.0
1000.0,3.5,15701.3191731323,16,0.0,0.0,16,0.0,0.0
1000.0,3.75,15980.656119319654,16,0.0,0.0,16,0.0,0.0
1000.0,4.0,16259.993065507007,16,0.0,0.0,16,0.0,0.0
1000.0,5.0,17377.340850256423,16,0.0,0.0,16,0.0,0.0
1000.0,7.0,19612.036419755255,16,0.0,0.0,16,0.0,0.0
1000.0,10.0,22964.079774003505,16,0.0,0.0,16,0.0,0.0
1050.0,0.75,12853.612765071404,15,0.2052435779873743,1.0132058287795993,14,0.6216236869027122,1.5482695810564664
1050.0,1.0,13132.94971125876,16,0.09622297390024204,0.47814207650273227,16,0.24308089739750982,0.7741347905282332
1050.0,1.25,13412.286657446111,16,0.037067317289218256,0.2168949771689498,16,0.11547497629563092,0.4452054794520548
1050.0,1.5,13691.623603633467,16,0.0064075872695062005,0.07969034608378871,16,0.04705005364673004,0.3082191780821918
1050.0,1.75,13970.960549820822,16,0.0,0.0,16,0.016409817351598174,0.182648401826484
1050.0,2.0,14250.297496008176,16,0.0,0.0,16,0.003567351598173516,0.05707762557077625
1050.0,2.25,14529.63444219553,16,0.0,0.0,16,0.0,0.0
1050.0,2.5,14808.971388382883,16,0.0,0.0,16,0.0,0.0
1050.0,2.75,15088.308334570238,16,0.0,0.0,16,0.0,0.0
1050.0,3.0,15367.645280757592,16,0.0,0.0,16,0.0,0.0
1050.0,3.25,15646.982226944945,16,0.0,0.0,16,0.0,0.0
1050.0,3.5,15926.3191731323,16,0.0,0.0,16,0.0,0.0
1050.0,3.75,16205.656119319654,16,0.0,0.0,16,0.0,0.0
1050.0,4.0,16484.993065507006,16,0.0,0.0,16,0.0,0.0
1050.0,5.0,17602.340850256423,16,0.0,0.0,16,0.0,0.0
1050.0,7.0,19837.036419755255,16,0.0,0.0,16,0.0,0.0
1050.0,10.0,23189.079774003505,16,0.0,0.0,16,0.0,0.0
1100.0,0.75,13078.612765071404,16,0.18742046560371284,0.9790528233151183,14,0.5431926354268033,1.4799635701275045
1100.0,1.0,13357.94971125876,16,0.08766522880954164,0.46803652968036524,16,0.204574943234274,0.7285974499089253
1100.0,1.25,13637.286657446111,16,0.03135955473214063,0.2168949771689498,16,0.09622492327270006,0.39845173041894355
1100.0,1.5,13916.623603633467,16,0.0064075872695062005,0.07969034608378871,16,0.0399250973126731,0.2625570776255708
1100.0,1.75,14195.960549820822,16,0.0,0.0,16,0.012128995433789954,0.136986301369863
1100.0,2.0,14475.297496008176,16,0.0,0.0,16,0.0014269406392694063,0.0228310502283105
1100.0,2.25,14754.63444219553,16,0.0,0.0,16,0.0,0.0
1100.0,2.5,15033.971388382883,16,0.0,0.0,16,0.0,0.0
1100.0,2.75,15313.308334570238,16,0.0,0.0,16,0.0,0.0
1100.0,3.0,15592.645280757592,16,0.0,0.0,16,0.0,0.0
1100.0,3.25,15871.982226944945,16,0.0,0.0,16,0.0,0.0
1100.0,3.5,16151.3191731323,16,0.0,0.0,16,0.0,0.0
1100.0,3.75,16430.656119319654,16,0.0,0.0,16,0.0,0.0
1100.0,4.0,16709.993065507006,16,0.0,0.0,16,0.0,0.0
1100.0,5.0,17827.340850256423,16,0.0,0.0,16,0.0,0.0
1100.0,7.0,20062.036419755255,16,0.0,0.0,16,0.0,0.0
1100.0,10.0,23414.079774003505,16,0.0,0.0,16,0.0,0.0
1150.0,0.75,13303.612765071404,16,0.16817626069815605,0.9335154826958106,15,0.4669039442822567,1.400273224043716
1150.0,1.0,13582.94971125876,16,0.08053637373056864,0.46803652968036524,16,0.17462673416173866,0.7058287795992715
1150.0,1.25,13862.286657446113,16,0.027792203133967117,0.2168949771689498,16,0.08481914502083487,0.3756830601092896
1150.0,1.5,14141.623603633467,16,0.0064075872695062005,0.07969034608378871,16,0.03350971255333483,0.228310502283105
1150.0,1.75,14420.960549820822,16,0.0,0.0,16,0.008561643835616438,0.10273972602739725
1150.0,2.0,14700.297496008176,16,0.0,0.0,16,0.0,0.0
1150.0,2.25,14979.63444219553,16,0.0,0.0,16,0.0,0.0
1150.0,2.5,15258.971388382883,16,0.0,0.0,16,0.0,0.0
1150.0,2.75,15538.308334570238,16,0.0,0.0,16,0.0,0.0
1150.0,3.0,15817.645280757592,16,0.0,0.0,16,0.0,0.0
1150.0,3.25,16096.982226944945,16,0.0,0.0,16,0.0,0.0
1150.0,3.5,16376.3191731323,16,0.0,0.0,16,0.0,0.0
1150.0,3.75,16655.656119319654,16,0.0,0.0,16,0.0,0.0
1150.0,4.0,16934.993065507006,16,0.0,0.0,16,0.0,0.0
1150.0,5.0,18052.340850256423,16,0.0,0.0,16,0.0,0.0
1150.0,7.0,20287.036419755255,16,0.0,0.0,16,0.0,0.0
1150.0,10.0,23639.079774003505,16,0.0,0.0,16,0.0,0.0
1200.0,0.75,13528.612765071404,16,0.15463786897721885,0.8652094717668488,15,0.4134248602689822,1.354735883424408
1200.0,1.0,13807.94971125876,16,0.0741229383436884,0.46803652968036524,16,0.15751319335279587,0.6716757741347905
1200.0,1.25,14087.286657446113,16,0.025651792175063005,0.2168949771689498,16,0.07555767647278988,0.34153005464480873
1200.0,1.5,14366.623603633467,16,0.0064075872695062005,0.07969034608378871,16,0.028519319060807943,0.182648401826484
1200.0,1.75,14645.960549820822,16,0.0,0.0,16,0.004994292237442922,0.0684931506849315
1200.0,2.0,14925.297496008176,16,0.0,0.0,16,0.0,0.0
1200.0,2.25,15204.63444219553,16,0.0,0.0,16,0.0,0.0
1200.0,2.5,15483.971388382883,16,0.0,0.0,16,0.0,0.0
1200.0,2.75,15763.308334570238,16,0.0,0.0,16,0.0,0.0
1200.0,3.0,16042.645280757592,16,0.0,0.0,16,0.0,0.0
1200.0,3.25,16321.982226944945,16,0.0,0.0,16,0.0,0.0
1200.0,3.5,16601.319173132302,16,0.0,0.0,16,0.0,0.0
1200.0,3.75,16880.656119319654,16,0.0,0.0,16,0.0,0.0
1200.0,4.0,17159.993065507006,16,0.0,0.0,16,0.0,0.0
1200.0,5.0,18277.340850256423,16,0.0,0.0,16,0.0,0.0
1200.0,7.0,20512.036419755255,16,0.0,0.0,16,0.0,0.0
1200.0,10.0,23864.079774003505,16,0.0,0.0,16,0.0,0.0
1250.0,0.75,13753.612765071404,16,0.1467994423235272,0.8310564663023678,15,0.36921894103850084,1.3091985428051
1250.0,1.0,14032.94971125876,16,0.06984211642588017,0.46803652968036524,16,0.14396895351448463,0.6489071038251366
1250.0,1.25,14312.286657446113,16,0.025651792175063005,0.2168949771689498,16,0.06772119919155625,0.31876138433515483
1250.0,1.5,14591.623603633467,16,0.0064075872695062005,0.07969034608378871,16,0.02352892556828106,0.14840182648401826
1250.0,1.75,14870.960549820822,16,0.0,0.0,16,0.0014269406392694063,0.0228310502283105
1250.0,2.0,15150.297496008176,16,0.0,0.0,16,0.0,0.0
1250.0,2.25,15429.63444219553,16,0.0,0.0,16,0.0,0.0
1250.0,2.5,15708.971388382883,16,0.0,0.0,16,0.0,0.0
1250.0,2.75,15988.308334570238,16,0.0,0.0,16,0.0,0.0
1250.0,3.0,16267.645280757592,16,0.0,0.0,16,0.0,0.0
1250.0,3.25,16546.982226944943,16,0.0,0.0,16,0.0,0.0
1250.0,3.5,16826.319173132302,16,0.0,0.0,16,0.0,0.0
1250.0,3.75,17105.656119319654,16,0.0,0.0,16,0.0,0.0
1250.0,4.0,17384.993065507006,16,0.0,0.0,16,0.0,0.0
1250.0,5.0,18502.340850256423,16,0.0,0.0,16,0.0,0.0
1250.0,7.0,20737.036419755255,16,0.0,0.0,16,0.0,0.0
1250.0,10.0,24089.079774003505,16,0.0,0.0,16,0.0,0.0
